_MEMBER_MyList,_LogP_MyList,GO,_PATTERN_,_RANK_,GiniIndex,Category,CategoryID,Description,PARENT_GO,LogP,Enrichment,Z-score,#TotalGeneInLibrary,#GeneInGO,#GeneInHitList,#GeneInGOAndHitList,%InGO,STDV %InGO,GeneID,Hits,Log(q-value),EvidenceCutoff
1,-25,TRR01256,M1,1,0,TRRUST,34,Regulated by: SP1,,-25,7.1,16,30169,523,374,46,12,1.7,240|268|367|472|595|596|672|1000|1019|1027|1029|1302|1890|1950|1956|2064|2099|2200|2260|2317|2353|2625|2668|2950|3569|3757|4014|4695|4723|4763|4790|4835|5054|5447|5728|5970|6338|6638|6648|6714|7040|7054|7422|10021|10560|80781,ALOX5|AMH|AR|ATM|CCND1|BCL2|BRCA1|CDH2|CDK4|CDKN1B|CDKN2A|COL11A2|TYMP|EGF|EGFR|ERBB2|ESR1|FBN1|FGFR1|FLNB|FOS|GATA3|GDNF|GSTP1|IL6|KCNH2|LORICRIN|NDUFA2|NDUFV1|NF1|NFKB1|NQO2|SERPINE1|POR|PTEN|RELA|SCNN1B|SNRPN|SOD2|SRC|TGFB1|TH|VEGFA|HCN4|SLC19A2|COL18A1,-23,0
1,-21,TRR00275,M1,1,0,TRRUST,34,Regulated by: ESR1,,-21,19,19,30169,87,374,21,5.6,1.2,268|367|551|595|596|641|672|999|1019|1027|1103|1499|1956|2099|2353|3717|3725|5054|7157|7422|10535,AMH|AR|AVP|CCND1|BCL2|BLM|BRCA1|CDH1|CDK4|CDKN1B|CHAT|CTNNB1|EGFR|ESR1|FOS|JAK2|JUN|SERPINE1|TP53|VEGFA|RNASEH2A,-19,0
1,-17,TRR01419,M1,1,0,TRRUST,34,Regulated by: TP53,,-17,11,15,30169,175,374,24,6.4,1.3,207|240|595|596|672|675|1017|1019|1027|1499|1956|2099|2950|4194|4790|5728|5925|5970|6774|7157|7422|10498|11200|64065,AKT1|ALOX5|CCND1|BCL2|BRCA1|BRCA2|CDK2|CDK4|CDKN1B|CTNNB1|EGFR|ESR1|GSTP1|MDM4|NFKB1|PTEN|RB1|RELA|STAT3|TP53|VEGFA|CARM1|CHEK2|PERP,-16,0
1,-16,TRR00875,M1,1,0,TRRUST,34,Regulated by: NFKB1,,-16,7.1,13,30169,339,374,30,8,1.4,207|240|268|367|595|596|675|999|1019|1956|2625|2668|2950|3569|3576|3659|4072|4790|5054|5728|6648|6891|6892|7040|7157|7422|9611|10498|10535|10664,AKT1|ALOX5|AMH|AR|CCND1|BCL2|BRCA2|CDH1|CDK4|EGFR|GATA3|GDNF|GSTP1|IL6|CXCL8|IRF1|EPCAM|NFKB1|SERPINE1|PTEN|SOD2|TAP2|TAPBP|TGFB1|TP53|VEGFA|NCOR1|CARM1|RNASEH2A|CTCF,-15,0
1,-16,TRR01158,M1,1,0,TRRUST,34,Regulated by: RELA,,-16,7,12,30169,333,374,29,7.8,1.4,207|240|268|367|595|596|675|999|1019|1956|2625|2950|3569|3576|3659|4072|4790|5054|5465|5728|6648|6774|6891|6892|7157|7422|9611|10498|10535,AKT1|ALOX5|AMH|AR|CCND1|BCL2|BRCA2|CDH1|CDK4|EGFR|GATA3|GSTP1|IL6|CXCL8|IRF1|EPCAM|NFKB1|SERPINE1|PPARA|PTEN|SOD2|STAT3|TAP2|TAPBP|TP53|VEGFA|NCOR1|CARM1|RNASEH2A,-14,0
1,-15,TRR00075,M1,1,0,TRRUST,34,Regulated by: BRCA1,,-15,21,17,30169,59,374,15,4,1,472|595|675|1027|1956|2033|2099|2303|2353|3479|3717|6774|7422|10468|83990,ATM|CCND1|BRCA2|CDKN1B|EGFR|EP300|ESR1|FOXC2|FOS|IGF1|JAK2|STAT3|VEGFA|FST|BRIP1,-14,0
1,-14,TRR01277,M1,1,0,TRRUST,34,Regulated by: STAT3,,-14,10,13,30169,161,374,20,5.3,1.2,207|367|595|596|999|1019|1027|1956|2353|3569|3576|3659|3717|4179|5465|5728|7040|7157|7422|10535,AKT1|AR|CCND1|BCL2|CDH1|CDK4|CDKN1B|EGFR|FOS|IL6|CXCL8|IRF1|JAK2|CD46|PPARA|PTEN|TGFB1|TP53|VEGFA|RNASEH2A,-12,0
1,-14,TRR00230,M1,1,0,TRRUST,34,Regulated by: E2F1,,-14,11,13,30169,142,374,19,5.1,1.1,367|472|595|596|672|1029|1387|2067|2260|5054|5599|5888|5925|6240|7153|7157|7422|7515|11200,AR|ATM|CCND1|BCL2|BRCA1|CDKN2A|CREBBP|ERCC1|FGFR1|SERPINE1|MAPK8|RAD51|RB1|RRM1|TOP2A|TP53|VEGFA|XRCC1|CHEK2,-12,0
1,-14,TRR00011,M1,1,0,TRRUST,34,Regulated by: AR,,-14,13,14,30169,106,374,17,4.5,1.1,207|999|1000|1499|1956|2033|2064|2065|3169|3725|4281|4790|5469|5728|5970|7054|7422,AKT1|CDH1|CDH2|CTNNB1|EGFR|EP300|ERBB2|ERBB3|FOXA1|JUN|MID1|NFKB1|MED1|PTEN|RELA|TH|VEGFA,-12,0
1,-12,TRR00253,M1,1,0,TRRUST,34,Regulated by: EGR1,,-12,12,13,30169,99,374,15,4,1,240|367|595|1956|2033|2668|3569|3576|4790|5447|5728|7054|7157|7422|54345,ALOX5|AR|CCND1|EGFR|EP300|GDNF|IL6|CXCL8|NFKB1|POR|PTEN|TH|TP53|VEGFA|SOX18,-10,0
1,-11,TRR01012,M1,1,0,TRRUST,34,Regulated by: PARP1,,-11,28,15,30169,26,374,9,2.4,0.79,596|675|999|2200|3725|4790|5054|5970|6598,BCL2|BRCA2|CDH1|FBN1|JUN|NFKB1|SERPINE1|RELA|SMARCB1,-9.3,0
1,-11,TRR00466,M1,1,0,TRRUST,34,Regulated by: HDAC1,,-11,13,12,30169,81,374,13,3.5,0.95,367|595|675|999|1029|1956|2099|2353|3576|4072|4790|6774|7157,AR|CCND1|BRCA2|CDH1|CDKN2A|EGFR|ESR1|FOS|CXCL8|EPCAM|NFKB1|STAT3|TP53,-9.2,0
1,-10,TRR01529,M1,1,0,TRRUST,34,Regulated by: WT1,,-10,14,12,30169,68,374,12,3.2,0.91,268|367|596|999|1956|3479|3725|4695|4868|7422|10535|10664,AMH|AR|BCL2|CDH1|EGFR|IGF1|JUN|NDUFA2|NPHS1|VEGFA|RNASEH2A|CTCF,-8.9,0
1,-10,TRR00645,M1,1,0,TRRUST,34,Regulated by: JUN,,-10,8,10,30169,171,374,17,4.5,1.1,367|595|672|1956|2950|3569|3576|3725|4014|4214|4256|5170|5465|5599|6648|7157|7422,AR|CCND1|BRCA1|EGFR|GSTP1|IL6|CXCL8|JUN|LORICRIN|MAP3K1|MGP|PDPK1|PPARA|MAPK8|SOD2|TP53|VEGFA,-8.9,0
1,-9.9,TRR00780,M1,1,0,TRRUST,34,Regulated by: MYC,,-9.9,10,11,30169,111,374,14,3.7,0.98,595|596|1017|1019|1387|2033|3569|3845|5594|6834|7157|7422|10535|11200,CCND1|BCL2|CDK2|CDK4|CREBBP|EP300|IL6|KRAS|MAPK1|SURF1|TP53|VEGFA|RNASEH2A|CHEK2,-8.6,0
1,-9.6,TRR00270,M1,1,0,TRRUST,34,Regulated by: EP300,,-9.6,14,12,30169,62,374,11,2.9,0.87,595|672|1387|2064|3479|3569|3576|4790|5888|5970|7422,CCND1|BRCA1|CREBBP|ERBB2|IGF1|IL6|CXCL8|NFKB1|RAD51|RELA|VEGFA,-8.2,0
1,-9.2,TRR01437,M1,1,0,TRRUST,34,Regulated by: TWIST1,,-9.2,20,13,30169,37,374,9,2.4,0.79,472|596|999|1000|2065|2099|2353|4763|5594,ATM|BCL2|CDH1|CDH2|ERBB3|ESR1|FOS|NF1|MAPK1,-7.9,0
1,-9.2,TRR01259,M1,1,0,TRRUST,34,Regulated by: SP3,,-9.2,9,10,30169,126,374,14,3.7,0.98,595|1000|1029|1302|1890|2064|2317|3569|4014|4695|4790|5970|7422|54345,CCND1|CDH2|CDKN2A|COL11A2|TYMP|ERBB2|FLNB|IL6|LORICRIN|NDUFA2|NFKB1|RELA|VEGFA|SOX18,-7.9,0
1,-8.2,TRR00276,M1,1,0,TRRUST,34,Regulated by: ESR2,,-8.2,26,13,30169,22,374,7,1.9,0.7,551|675|1103|2353|3725|5054|7422,AVP|BRCA2|CHAT|FOS|JUN|SERPINE1|VEGFA,-6.9,0
1,-8.2,TRR01519,M1,1,0,TRRUST,34,Regulated by: VDR,,-8.2,15,11,30169,48,374,9,2.4,0.79,268|999|1027|1956|2064|3569|3576|4695|9611,AMH|CDH1|CDKN1B|EGFR|ERBB2|IL6|CXCL8|NDUFA2|NCOR1,-6.9,0
1,-8.1,TRR00198,M1,1,0,TRRUST,34,Regulated by: DNMT1,,-8.1,19,12,30169,34,374,8,2.1,0.75,841|999|1029|2099|4072|5925|7157|7422,CASP8|CDH1|CDKN2A|ESR1|EPCAM|RB1|TP53|VEGFA,-6.9,0
1,-7.9,TRR01150,M1,1,0,TRRUST,34,Regulated by: RB1,,-7.9,18,11,30169,36,374,8,2.1,0.75,672|999|2260|2353|2668|3479|5925|7422,BRCA1|CDH1|FGFR1|FOS|GDNF|IGF1|RB1|VEGFA,-6.7,0
1,-7.5,TRR00130,M1,1,0,TRRUST,34,Regulated by: CREBBP,,-7.5,21,12,30169,27,374,7,1.9,0.7,672|1956|2033|3659|5465|5888|7157,BRCA1|EGFR|EP300|IRF1|PPARA|RAD51|TP53,-6.3,0
1,-7.4,TRR01029,M1,1,0,TRRUST,34,Regulated by: PGR,,-7.4,20,11,30169,28,374,7,1.9,0.7,595|596|1956|2064|2099|5970|7422,CCND1|BCL2|EGFR|ERBB2|ESR1|RELA|VEGFA,-6.2,0
1,-7.3,TRR01400,M1,1,0,TRRUST,34,Regulated by: TFAP2A,,-7.3,10,9.2,30169,79,374,10,2.7,0.83,596|999|1956|2064|3169|3569|5728|6648|7054|7422,BCL2|CDH1|EGFR|ERBB2|FOXA1|IL6|PTEN|SOD2|TH|VEGFA,-6.1,0
1,-6.9,TRR00068,M1,1,0,TRRUST,34,Regulated by: BCL3,,-6.9,65,16,30169,5,374,4,1.1,0.53,1956|4790|5970|10664,EGFR|NFKB1|RELA|CTCF,-5.7,0
1,-6.9,TRR00339,M1,1,0,TRRUST,34,Regulated by: FHL2,,-6.9,65,16,30169,5,374,4,1.1,0.53,595|1027|4790|5970,CCND1|CDKN1B|NFKB1|RELA,-5.7,0
1,-6.9,TRR00756,M1,1,0,TRRUST,34,Regulated by: MEN1,,-6.9,37,13,30169,11,374,5,1.3,0.59,672|841|1027|2625|5888,BRCA1|CASP8|CDKN1B|GATA3|RAD51,-5.7,0
1,-6.8,TRR01538,M1,1,0,TRRUST,34,Regulated by: XBP1,,-6.8,23,11,30169,21,374,6,1.6,0.65,2099|3569|3576|6648|7422|7466,ESR1|IL6|CXCL8|SOD2|VEGFA|WFS1,-5.6,0
1,-6.6,TRR01546,M1,1,0,TRRUST,34,Regulated by: YBX1,,-6.6,16,9.9,30169,36,374,7,1.9,0.7,367|999|1956|2064|2065|5932|7153,AR|CDH1|EGFR|ERBB2|ERBB3|RBBP8|TOP2A,-5.4,0
1,-6.5,TRR00015,M1,1,0,TRRUST,34,Regulated by: ARNT,,-6.5,21,11,30169,23,374,6,1.6,0.65,672|1017|2099|2353|3725|7422,BRCA1|CDK2|ESR1|FOS|JUN|VEGFA,-5.4,0
1,-6.5,TRR00889,M1,1,0,TRRUST,34,Regulated by: NKX3-1,,-6.5,31,12,30169,13,374,5,1.3,0.59,367|595|2099|2353|7422,AR|CCND1|ESR1|FOS|VEGFA,-5.3,0
1,-6.5,TRR01254,M1,1,0,TRRUST,34,Regulated by: SOX6,,-6.5,54,14,30169,6,374,4,1.1,0.53,595|1019|1499|7157,CCND1|CDK4|CTNNB1|TP53,-5.3,0
1,-6.4,TRR00484,M1,1,0,TRRUST,34,Regulated by: HIF1A,,-6.4,8.1,8,30169,99,374,10,2.7,0.83,268|367|595|999|2068|5054|5290|5465|6774|7422,AMH|AR|CCND1|CDH1|ERCC2|SERPINE1|PIK3CA|PPARA|STAT3|VEGFA,-5.2,0
1,-6.4,TRR01548,M1,1,0,TRRUST,34,Regulated by: YY1,,-6.4,8.1,8,30169,99,374,10,2.7,0.83,672|1387|1956|2064|4763|6638|6834|7156|7157|10664,BRCA1|CREBBP|EGFR|ERBB2|NF1|SNRPN|SURF1|TOP3A|TP53|CTCF,-5.2,0
1,-6.3,TRR00138,M1,1,0,TRRUST,34,Regulated by: CTNNB1,,-6.3,19,10,30169,25,374,6,1.6,0.65,367|595|3725|5925|10468|10499,AR|CCND1|JUN|RB1|FST|NCOA2,-5.2,0
1,-6.2,TRR00769,M1,1,0,TRRUST,34,Regulated by: MTA1,,-6.2,19,10,30169,26,374,6,1.6,0.65,672|999|1029|1956|2099|5728,BRCA1|CDH1|CDKN2A|EGFR|ESR1|PTEN,-5.1,0
1,-6.2,TRR01255,M1,1,0,TRRUST,34,Regulated by: SOX9,,-6.2,19,10,30169,26,374,6,1.6,0.65,268|367|1019|1302|6663|7439,AMH|AR|CDK4|COL11A2|SOX10|BEST1,-5.1,0
1,-6.2,TRR01393,M1,1,0,TRRUST,34,Regulated by: TCF4,,-6.2,19,10,30169,26,374,6,1.6,0.65,595|596|3725|5728|7422|10468,CCND1|BCL2|JUN|PTEN|VEGFA|FST,-5.1,0
1,-6.2,TRR01438,M1,1,0,TRRUST,34,Regulated by: TWIST2,,-6.2,19,10,30169,26,374,6,1.6,0.65,472|999|1000|2065|2353|4763,ATM|CDH1|CDH2|ERBB3|FOS|NF1,-5.1,0
1,-6.2,TRR00125,M1,1,0,TRRUST,34,Regulated by: CREB1,,-6.2,7.8,7.7,30169,104,374,10,2.7,0.83,367|596|841|2064|2353|3169|3569|3725|4763|7054,AR|BCL2|CASP8|ERBB2|FOS|FOXA1|IL6|JUN|NF1|TH,-5,0
1,-6,TRR00470,M1,1,0,TRRUST,34,Regulated by: HDAC3,,-6,17,9.7,30169,28,374,6,1.6,0.65,240|999|1029|1956|3725|7422,ALOX5|CDH1|CDKN2A|EGFR|JUN|VEGFA,-4.9,0
1,-6,TRR00290,M1,1,0,TRRUST,34,Regulated by: EZH2,,-6,13,8.8,30169,44,374,7,1.9,0.7,595|672|999|1029|5728|7157|23396,CCND1|BRCA1|CDH1|CDKN2A|PTEN|TP53|PIP5K1C,-4.8,0
1,-6,TRR00601,M1,1,0,TRRUST,34,Regulated by: ING4,,-6,25,11,30169,16,374,5,1.3,0.59,595|596|1027|3576|7157,CCND1|BCL2|CDKN1B|CXCL8|TP53,-4.8,0
1,-5.8,TRR00674,M1,1,0,TRRUST,34,Regulated by: KLF4,,-5.8,12,8.5,30169,47,374,7,1.9,0.7,595|999|1027|3569|4695|7157|7422,CCND1|CDH1|CDKN1B|IL6|NDUFA2|TP53|VEGFA,-4.7,0
1,-5.7,TRR00474,M1,1,0,TRRUST,34,Regulated by: HDAC9,,-5.7,22,10,30169,18,374,5,1.3,0.59,1029|2099|4790|5970|7157,CDKN2A|ESR1|NFKB1|RELA|TP53,-4.6,0
1,-5.6,TRR01225,M1,1,0,TRRUST,34,Regulated by: SIRT1,,-5.6,11,8.2,30169,50,374,7,1.9,0.7,595|999|1499|3075|4683|4851|7157,CCND1|CDH1|CTNNB1|CFH|NBN|NOTCH1|TP53,-4.5,0
1,-5.4,TRR00422,M1,1,0,TRRUST,34,Regulated by: GLI2,,-5.4,20,9.6,30169,20,374,5,1.3,0.59,596|999|2303|3725|10468,BCL2|CDH1|FOXC2|JUN|FST,-4.4,0
1,-5.4,TRR00908,M1,1,0,TRRUST,34,Regulated by: NR3C1,,-5.4,11,7.9,30169,53,374,7,1.9,0.7,595|672|1019|2668|4128|4790|7157,CCND1|BRCA1|CDK4|GDNF|MAOA|NFKB1|TP53,-4.3,0
1,-5.3,TRR00362,M1,1,0,TRRUST,34,Regulated by: FOXM1,,-5.3,19,9.4,30169,21,374,5,1.3,0.59,367|999|1029|7422|83990,AR|CDH1|CDKN2A|VEGFA|BRIP1,-4.3,0
1,-5.3,TRR00023,M1,1,0,TRRUST,34,Regulated by: ATF2,,-5.3,13,8.4,30169,36,374,6,1.6,0.65,595|3630|3725|4214|5970|8869,CCND1|INS|JUN|MAP3K1|RELA|ST3GAL5,-4.3,0
1,-5.3,TRR01235,M1,1,0,TRRUST,34,Regulated by: SMAD3,,-5.3,13,8.4,30169,36,374,6,1.6,0.65,3725|5054|5447|7040|7422|10468,JUN|SERPINE1|POR|TGFB1|VEGFA|FST,-4.3,0
1,-5.2,TRR01047,M1,1,0,TRRUST,34,Regulated by: PML,,-5.2,18,9.1,30169,22,374,5,1.3,0.59,595|1956|2033|7157|10499,CCND1|EGFR|EP300|TP53|NCOA2,-4.2,0
1,-5.1,TRR00515,M1,1,0,TRRUST,34,Regulated by: HOXB7,,-5.1,29,11,30169,11,374,4,1.1,0.53,595|1027|1956|7422,CCND1|CDKN1B|EGFR|VEGFA,-4.1,0
1,-5.1,TRR01260,M1,1,0,TRRUST,34,Regulated by: SP4,,-5.1,29,11,30169,11,374,4,1.1,0.53,595|2064|4790|5970,CCND1|ERBB2|NFKB1|RELA,-4.1,0
1,-5.1,TRR01156,M1,1,0,TRRUST,34,Regulated by: RBPJ,,-5.1,60,13,30169,4,374,3,0.8,0.46,3569|4790|5728,IL6|NFKB1|PTEN,-4.1,0
1,-5.1,TRR01521,M1,1,0,TRRUST,34,Regulated by: VHL,,-5.1,18,8.9,30169,23,374,5,1.3,0.59,367|595|1027|7157|7422,AR|CCND1|CDKN1B|TP53|VEGFA,-4.1,0
1,-5,TRR01239,M1,1,0,TRRUST,34,Regulated by: SMARCA4,,-5,27,10,30169,12,374,4,1.1,0.53,595|999|1029|2353,CCND1|CDH1|CDKN2A|FOS,-4,0
1,-4.9,TRR00233,M1,1,0,TRRUST,34,Regulated by: E2F4,,-4.9,16,8.5,30169,25,374,5,1.3,0.59,367|595|672|1017|5888,AR|CCND1|BRCA1|CDK2|RAD51,-3.9,0
1,-4.8,TRR00342,M1,1,0,TRRUST,34,Regulated by: FOS,,-4.8,8.8,7,30169,64,374,7,1.9,0.7,595|2353|2950|3169|3576|4790|7157,CCND1|FOS|GSTP1|FOXA1|CXCL8|NFKB1|TP53,-3.8,0
1,-4.8,TRR00412,M1,1,0,TRRUST,34,Regulated by: GATA3,,-4.8,11,7.5,30169,43,374,6,1.6,0.65,999|2099|2303|2625|4790|5970,CDH1|ESR1|FOXC2|GATA3|NFKB1|RELA,-3.8,0
1,-4.8,TRR01172,M1,1,0,TRRUST,34,Regulated by: RUNX1,,-4.8,11,7.5,30169,43,374,6,1.6,0.65,2811|3725|4763|4790|5970|7422,GP1BA|JUN|NF1|NFKB1|RELA|VEGFA,-3.8,0
1,-4.7,TRR00504,M1,1,0,TRRUST,34,Regulated by: HOPX,,-4.7,48,12,30169,5,374,3,0.8,0.46,2260|2353|4014,FGFR1|FOS|LORICRIN,-3.7,0
1,-4.7,TRR01037,M1,1,0,TRRUST,34,Regulated by: PIAS3,,-4.7,48,12,30169,5,374,3,0.8,0.46,2099|2668|6774,ESR1|GDNF|STAT3,-3.7,0
1,-4.7,TRR01416,M1,1,0,TRRUST,34,Regulated by: TNFAIP3,,-4.7,48,12,30169,5,374,3,0.8,0.46,3725|4790|5970,JUN|NFKB1|RELA,-3.7,0
1,-4.7,TRR01508,M1,1,0,TRRUST,34,Regulated by: UHRF1,,-4.7,48,12,30169,5,374,3,0.8,0.46,5925|7153|7422,RB1|TOP2A|VEGFA,-3.7,0
1,-4.7,TRR01575,M1,1,0,TRRUST,34,Regulated by: ZNF24,,-4.7,48,12,30169,5,374,3,0.8,0.46,595|1499|7422,CCND1|CTNNB1|VEGFA,-3.7,0
1,-4.7,TRR01577,M1,1,0,TRRUST,34,Regulated by: ZNF300,,-4.7,48,12,30169,5,374,3,0.8,0.46,1027|3569|3576,CDKN1B|IL6|CXCL8,-3.7,0
1,-4.6,TRR01275,M1,1,0,TRRUST,34,Regulated by: STAT1,,-4.6,6.8,6.3,30169,95,374,8,2.1,0.75,1103|1956|3569|3659|3717|5465|6774|7157,CHAT|EGFR|IL6|IRF1|JAK2|PPARA|STAT3|TP53,-3.6,0
1,-4.4,TRR01236,M1,1,0,TRRUST,34,Regulated by: SMAD4,,-4.4,13,7.4,30169,32,374,5,1.3,0.59,596|3725|5054|5447|7040,BCL2|JUN|SERPINE1|POR|TGFB1,-3.4,0
1,-4.3,TRR01062,M1,1,0,TRRUST,34,Regulated by: PPARG,,-4.3,7.3,6.2,30169,77,374,7,1.9,0.7,595|596|1956|4982|5054|5728|7157,CCND1|BCL2|EGFR|TNFRSF11B|SERPINE1|PTEN|TP53,-3.4,0
1,-4.3,TRR01382,M1,1,0,TRRUST,34,Regulated by: TBP,,-4.3,19,8.3,30169,17,374,4,1.1,0.53,596|2353|3569|4763,BCL2|FOS|IL6|NF1,-3.4,0
1,-4.3,TRR00469,M1,1,0,TRRUST,34,Regulated by: HDAC2,,-4.3,12,7.2,30169,33,374,5,1.3,0.59,240|999|3479|3576|7422,ALOX5|CDH1|IGF1|CXCL8|VEGFA,-3.3,0
1,-4.3,TRR01512,M1,1,0,TRRUST,34,Regulated by: USF1,,-4.3,7.2,6.2,30169,78,374,7,1.9,0.7,675|4790|5054|5970|7040|7156|7827,BRCA2|NFKB1|SERPINE1|RELA|TGFB1|TOP3A|NPHS2,-3.3,0
1,-4.3,TRR00602,M1,1,0,TRRUST,34,Regulated by: IRF1,,-4.3,9,6.6,30169,54,374,6,1.6,0.65,596|1017|1019|6891|6892|7157,BCL2|CDK2|CDK4|TAP2|TAPBP|TP53,-3.3,0
1,-4.2,TRR00281,M1,1,0,TRRUST,34,Regulated by: ETS2,,-4.2,12,7.1,30169,34,374,5,1.3,0.59,1029|1145|3576|3932|7157,CDKN2A|CHRNE|CXCL8|LCK|TP53,-3.3,0
1,-4.2,TRR00660,M1,1,0,TRRUST,34,Regulated by: KDM4B,,-4.2,35,10,30169,7,374,3,0.8,0.46,367|595|2099,AR|CCND1|ESR1,-3.3,0
1,-4.2,TRR00665,M1,1,0,TRRUST,34,Regulated by: KLF10,,-4.2,35,10,30169,7,374,3,0.8,0.46,1956|2260|5054,EGFR|FGFR1|SERPINE1,-3.3,0
1,-4.2,TRR00527,M1,1,0,TRRUST,34,Regulated by: HSF1,,-4.2,12,7,30169,35,374,5,1.3,0.59,3725|4790|5054|5970|9531,JUN|NFKB1|SERPINE1|RELA|BAG3,-3.2,0
1,-4,TRR00647,M1,1,0,TRRUST,34,Regulated by: JUND,,-4,11,6.8,30169,37,374,5,1.3,0.59,595|2064|3569|4835|7040,CCND1|ERBB2|IL6|NQO2|TGFB1,-3.1,0
1,-4,TRR00421,M1,1,0,TRRUST,34,Regulated by: GLI1,,-4,16,7.6,30169,20,374,4,1.1,0.53,207|596|1017|3725,AKT1|BCL2|CDK2|JUN,-3.1,0
1,-4,TRR00900,M1,1,0,TRRUST,34,Regulated by: NR1H4,,-4,16,7.6,30169,20,374,4,1.1,0.53,3630|4790|5970|7422,INS|NFKB1|RELA|VEGFA,-3.1,0
1,-4,TRR00528,M1,1,0,TRRUST,34,Regulated by: HSF2,,-4,30,9.3,30169,8,374,3,0.8,0.46,2353|5599|6416,FOS|MAPK8|MAP2K4,-3.1,0
1,-4,TRR00753,M1,1,0,TRRUST,34,Regulated by: MEF2D,,-4,30,9.3,30169,8,374,3,0.8,0.46,472|3725|4695,ATM|JUN|NDUFA2,-3.1,0
1,-4,TRR01281,M1,1,0,TRRUST,34,Regulated by: STAT5B,,-4,30,9.3,30169,8,374,3,0.8,0.46,595|2099|3479,CCND1|ESR1|IGF1,-3.1,0
1,-4,TRR01560,M1,1,0,TRRUST,34,Regulated by: ZFP36,,-4,30,9.3,30169,8,374,3,0.8,0.46,3569|3576|7422,IL6|CXCL8|VEGFA,-3.1,0
1,-3.9,TRR00188,M1,1,0,TRRUST,34,Regulated by: DDIT3,,-3.9,15,7.4,30169,21,374,4,1.1,0.53,1017|2668|3569|3576,CDK2|GDNF|IL6|CXCL8,-3,0
1,-3.9,TRR00346,M1,1,0,TRRUST,34,Regulated by: FOXA1,,-3.9,15,7.4,30169,21,374,4,1.1,0.53,596|672|2099|4763,BCL2|BRCA1|ESR1|NF1,-3,0
1,-3.8,TRR00752,M1,1,0,TRRUST,34,Regulated by: MEF2C,,-3.8,27,8.7,30169,9,374,3,0.8,0.46,3725|4204|7422,JUN|MECP2|VEGFA,-2.9,0
1,-3.8,TRR00852,M1,1,0,TRRUST,34,Regulated by: NCOA3,,-3.8,27,8.7,30169,9,374,3,0.8,0.46,596|672|2064,BCL2|BRCA1|ERBB2,-2.9,0
1,-3.8,TRR00855,M1,1,0,TRRUST,34,Regulated by: NCOR1,,-3.8,27,8.7,30169,9,374,3,0.8,0.46,367|2099|3479,AR|ESR1|IGF1,-2.9,0
1,-3.8,TRR01018,M1,1,0,TRRUST,34,Regulated by: PAX5,,-3.8,14,7,30169,23,374,4,1.1,0.53,595|596|5925|7157,CCND1|BCL2|RB1|TP53,-2.9,0
1,-3.7,TRR01580,M1,1,0,TRRUST,34,Regulated by: ZNF382,,-3.7,24,8.2,30169,10,374,3,0.8,0.46,3725|4790|6774,JUN|NFKB1|STAT3,-2.8,0
1,-3.6,TRR00022,M1,1,0,TRRUST,34,Regulated by: ATF1,,-3.6,13,6.7,30169,25,374,4,1.1,0.53,596|2064|7054|7153,BCL2|ERBB2|TH|TOP2A,-2.7,0
1,-3.5,TRR00002,M1,1,0,TRRUST,34,Regulated by: ABL1,,-3.5,22,7.8,30169,11,374,3,0.8,0.46,596|3725|7157,BCL2|JUN|TP53,-2.7,0
1,-3.5,TRR00746,M1,1,0,TRRUST,34,Regulated by: MECP2,,-3.5,22,7.8,30169,11,374,3,0.8,0.46,240|595|2099,ALOX5|CCND1|ESR1,-2.7,0
1,-3.5,TRR00004,M1,1,0,TRRUST,34,Regulated by: AHR,,-3.5,12,6.4,30169,27,374,4,1.1,0.53,595|672|2353|3569,CCND1|BRCA1|FOS|IL6,-2.6,0
1,-3.4,TRR00741,M1,1,0,TRRUST,34,Regulated by: MBD2,,-3.4,20,7.4,30169,12,374,3,0.8,0.46,240|1108|2950,ALOX5|CHD4|GSTP1,-2.6,0
1,-3.4,TRR01395,M1,1,0,TRRUST,34,Regulated by: TCF7L2,,-3.4,20,7.4,30169,12,374,3,0.8,0.46,1499|2625|6774,CTNNB1|GATA3|STAT3,-2.6,0
1,-3.3,TRR00655,M1,1,0,TRRUST,34,Regulated by: KAT2B,,-3.3,19,7.1,30169,13,374,3,0.8,0.46,1017|1027|5925,CDK2|CDKN1B|RB1,-2.5,0
1,-3.3,TRR01005,M1,1,0,TRRUST,34,Regulated by: OTX2,,-3.3,19,7.1,30169,13,374,3,0.8,0.46,3479|3569|7439,IGF1|IL6|BEST1,-2.5,0
1,-3.3,TRR00136,M1,1,0,TRRUST,34,Regulated by: CTCF,,-3.3,11,6,30169,30,374,4,1.1,0.53,595|672|4763|147912,CCND1|BRCA1|NF1|SIX5,-2.5,0
1,-3.3,TRR00872,M1,1,0,TRRUST,34,Regulated by: NFIC,,-3.3,11,6,30169,30,374,4,1.1,0.53,3146|3569|3725|80781,HMGB1|IL6|JUN|COL18A1,-2.5,0
1,-3.1,TRR00705,M1,1,0,TRRUST,34,Regulated by: LEF1,,-3.1,9.8,5.7,30169,33,374,4,1.1,0.53,367|595|1499|2099,AR|CCND1|CTNNB1|ESR1,-2.3,0
1,-3.1,TRR00883,M1,1,0,TRRUST,34,Regulated by: NFYC,,-3.1,16,6.6,30169,15,374,3,0.8,0.46,1027|2353|54345,CDKN1B|FOS|SOX18,-2.3,0
1,-3.1,TRR01212,M1,1,0,TRRUST,34,Regulated by: SATB1,,-3.1,16,6.6,30169,15,374,3,0.8,0.46,596|1019|2625,BCL2|CDK4|GATA3,-2.3,0
1,-3,TRR00646,M1,1,0,TRRUST,34,Regulated by: JUNB,,-3,15,6.3,30169,16,374,3,0.8,0.46,1029|1956|4014,CDKN2A|EGFR|LORICRIN,-2.2,0
1,-3,TRR00882,M1,1,0,TRRUST,34,Regulated by: NFYB,,-3,15,6.3,30169,16,374,3,0.8,0.46,1027|2353|54345,CDKN1B|FOS|SOX18,-2.2,0
1,-2.9,TRR01071,M1,1,0,TRRUST,34,Regulated by: PTTG1,,-2.9,14,6.1,30169,17,374,3,0.8,0.46,998|5879|7422,CDC42|RAC1|VEGFA,-2.1,0
1,-2.9,TRR01557,M1,1,0,TRRUST,34,Regulated by: ZEB1,,-2.9,13,5.9,30169,18,374,3,0.8,0.46,367|999|4072,AR|CDH1|EPCAM,-2.1,0
1,-2.8,TRR00776,M1,1,0,TRRUST,34,Regulated by: MYB,,-2.8,7.9,4.9,30169,41,374,4,1.1,0.53,596|2064|2625|3932,BCL2|ERBB2|GATA3|LCK,-2,0
1,-2.7,TRR00366,M1,1,0,TRRUST,34,Regulated by: FOXO3,,-2.7,12,5.6,30169,20,374,3,0.8,0.46,367|5290|7422,AR|PIK3CA|VEGFA,-1.9,0
1,-2.7,TRR00494,M1,1,0,TRRUST,34,Regulated by: HMGA1,,-2.7,12,5.6,30169,20,374,3,0.8,0.46,672|999|7157,BRCA1|CDH1|TP53,-1.9,0
1,-2.7,TRR00869,M1,1,0,TRRUST,34,Regulated by: NFE2L2,,-2.7,12,5.4,30169,21,374,3,0.8,0.46,672|3576|6648,BRCA1|CXCL8|SOD2,-1.9,0
1,-2.7,TRR00877,M1,1,0,TRRUST,34,Regulated by: NFKBIA,,-2.7,12,5.4,30169,21,374,3,0.8,0.46,3576|4790|5970,CXCL8|NFKB1|RELA,-1.9,0
1,-2.5,TRR01174,M1,1,0,TRRUST,34,Regulated by: RUNX2,,-2.5,10,5,30169,24,374,3,0.8,0.46,367|2099|7422,AR|ESR1|VEGFA,-1.7,0
1,-2.4,TRR00471,M1,1,0,TRRUST,34,Regulated by: HDAC4,,-2.4,9.7,4.9,30169,25,374,3,0.8,0.46,1029|3725|7422,CDKN2A|JUN|VEGFA,-1.7,0
1,-2.3,TRR00365,M1,1,0,TRRUST,34,Regulated by: FOXO1,,-2.3,8.6,4.5,30169,28,374,3,0.8,0.46,367|1027|3569,AR|CDKN1B|IL6,-1.5,0
1,-2.3,TRR01513,M1,1,0,TRRUST,34,Regulated by: USF2,,-2.3,5.7,3.9,30169,57,374,4,1.1,0.53,672|675|7040|7156,BRCA1|BRCA2|TGFB1|TOP3A,-1.5,0
1,-2.2,TRR00109,M1,1,0,TRRUST,34,Regulated by: CEBPA,,-2.2,5.5,3.8,30169,59,374,4,1.1,0.53,596|3479|3569|6774,BCL2|IGF1|IL6|STAT3,-1.4,0
1,-2.2,TRR00757,M1,1,0,TRRUST,34,Regulated by: MITF,,-2.2,7.8,4.2,30169,31,374,3,0.8,0.46,1017|2353|7439,CDK2|FOS|BEST1,-1.4,0
1,-2.1,TRR00901,M1,1,0,TRRUST,34,Regulated by: NR1I2,,-2.1,7.3,4.1,30169,33,374,3,0.8,0.46,596|4790|5970,BCL2|NFKB1|RELA,-1.4,0
1,-2,TRR00025,M1,1,0,TRRUST,34,Regulated by: ATF4,,-2,6.9,3.9,30169,35,374,3,0.8,0.46,3569|3576|7422,IL6|CXCL8|VEGFA,-1.3,0
